<?xml version="1.0"?>

<!--
  =============================================================================
    Build file for automatically downloading Cactus dependencies. 

    $Id: download.xml,v 1.6 2004/05/23 14:37:04 vmassol Exp $
  =============================================================================
-->
<project name="Cactus Dependencies Download" default="download" basedir=".">

  <description>
 Cactus Dependencies Download
 ---------------------------------------------------------
 This build file simply downloads (most of) the JARs 
 required to build Cactus.

 By default, the JARs are downloaded from http://www.ibiblio.org/maven/.
 You can use a different repository by passing the following

   -Drepo.url=http://www.example.com/repository/

 at the command line.
  </description>

  <!-- Environment name, used to decide which properties file to load.
       Defaults to build.properties. This is used to save configuration
       files in CVS for different environments. To use a specific
       environment, start ant like this: "ant -Denv=.sample release".
       Please note the leading "." which is mandatory. -->
  <property name="env" value=""/>

  <!-- The dependencies.xml file lists all JAR files that we can possibly
       download from a Maven-style repository. The following task converts
       the information into properties so it can be accessed by this script.
       We allow the user to override the file. -->
  <xmlproperty file="${basedir}/dependencies.xml${env}" keeproot="no"
      collapseattributes="yes" semanticattributes="yes"/>
  <xmlproperty file="${user.home}/dependencies.xml${env}" keeproot="no"
      collapseattributes="yes" semanticattributes="yes"/>

  <!-- Fall back to the default configuration if the user has not specified
       anything. This allows building Cactus right away without any
       modification from the user. -->
  <xmlproperty file="${basedir}/dependencies.xml.default" keeproot="no"
      collapseattributes="yes" semanticattributes="yes"/>

  <!-- Give user a chance to override without editing this file
       (and without typing -D each time it compiles it) -->
  <property file="${basedir}/build.properties${env}"/>
  <property file="${user.home}/build.properties${env}"/>

  <!-- Fall back to the default configuration if the user has not specified
       anything. This allows building Cactus right away without any
       modification from the user. -->
  <property file="${basedir}/build.properties.default"/>

  <!-- Default configuration -->
  <property name="repo.url" value="http://www.ibiblio.org/maven"/>

  <!-- This macro will download a single jar from ${repo.url} only if it is not
       present on the local filesystem -->
  <macrodef name="download">
    <attribute name="jar"/>
    <sequential>
      <antcall inheritall="false" target="download.jar">
        <param name="jar" value="@{jar}"/>
      </antcall>
    </sequential>
  </macrodef>

  <!-- This macro will download a single jar from ${repo.url} -->
  <macrodef name="download.jar">
    <attribute name="jar"/>
    <sequential>
      <property name="@{jar}.name"
          value="${@{jar}.artifact}-${@{jar}.version}.jar"/>
      <dirname property="@{jar}.dir" file="${@{jar}.jar}"/>
      <mkdir dir="${@{jar}.dir}"/>
      <echo message="Updating [${@{jar}.jar}]"/>
      <get src="${repo.url}/${@{jar}.project}/jars/${@{jar}.name}"
          dest="${@{jar}.jar}" usetimestamp="yes" ignoreerrors="yes"/>
      <echo message=""/>
    </sequential>
  </macrodef>

  <!-- Defines the property jar.present if the jar passed as parameter is 
       available on the local filesystem -->
  <macrodef name="verify">
    <attribute name="jar"/>
    <sequential>
      <available file="${@{jar}.jar}" property="jar.present"/>
    </sequential>
  </macrodef>

  <!-- This target simply calls the 'download' macro defined above for
       every required JAR -->
  <target name="download"
      description="Downloads all required JARs from the remote repository">

   <!-- Sets proxying for those behind a firewall -->
   <setproxy
     proxyhost = "${proxyhost}"
     proxyuser = "${proxyuser}"
     proxypassword = "${proxypassword}"
     proxyport = "${proxyport}"/>

    <download jar="antlr"/>
    <download jar="aspectjrt"/>
    <download jar="aspectj-tools"/>
    <download jar="checkstyle"/>
    <download jar="clover"/>
    <download jar="commons.beanutils"/>
    <download jar="commons.collections"/>
    <download jar="commons.httpclient"/>
    <download jar="commons.logging"/>
    <download jar="httpunit"/>
    <download jar="jasper-compiler"/>
    <download jar="jasper-runtime"/>
    <download jar="jetty"/>
    <download jar="jstl"/>
    <download jar="junit"/>
    <download jar="log4j"/>
    <download jar="mockobjects"/>
    <download jar="nekohtml"/>
    <download jar="regexp"/>
    <download jar="servlet.22"/>
    <download jar="servlet.23"/>
    <download jar="servlet.24"/>
    <download jar="j2ee.13"/>
    <download jar="j2ee.14"/>
    <download jar="standard"/>
    <download jar="xerces"/>
    <download jar="xmlapis"/>

    <!-- TODO: Add download of xalan for users who are building on 
         JDK < 1.4+ -->

  </target>

  <!-- Targets to decide whether to download the jar. It verifies first if it 
       is present on the local filesystem. The download.jar target has to be
       called using antcall and inheritAll set to false because we're reusing
       the same jar.present property across calls -->
  <target name="verify.jar">
    <verify jar="${jar}"/>
  </target>
  <target name="download.jar.present" if="jar.present">
    <echo>[${jar}] jar is already available</echo>
  </target>    
  <target name="download.jar.notpresent" unless="jar.present">
    <download.jar jar="${jar}"/>
  </target>    
  <target name="download.jar" 
      depends="verify.jar,download.jar.present,download.jar.notpresent"/>

</project>
