<project
  default="cactus-build:jar"
  xmlns:j="jelly:core"
  xmlns:maven="jelly:maven">

  <!-- Note: This file is automatically inherited by all Cactus Maven 
       projects -->

  <!--
     ========================================================================
       Package all Cactus modules.
     ========================================================================
  -->
  <goal name="cactus-build:jar">

    <j:set var="goal" value="jar:jar"/>
    <attainGoal name="multiproject:goal"/>

  </goal>

  <!--
     ========================================================================
       Clean all Cactus modules.
     ========================================================================
  -->
  <goal name="cactus-build:clean">

    <j:set var="goal" value="clean:clean"/>
    <attainGoal name="multiproject:goal"/>

  </goal>

  <!--
     ========================================================================
       Create the web site.
     ========================================================================
  -->
  <goal name="cactus-build:site">

    <attainGoal name="multiproject:site"/>

  </goal>
  
</project>
