<?xml version="1.0"?>

<!--
 * ========================================================================
 * 
 * Licensed to the Apache Software Foundation (ASF) under one or more
 * contributor license agreements.  See the NOTICE file distributed with
 * this work for additional information regarding copyright ownership.
 * The ASF licenses this file to You under the Apache License, Version 2.0
 * (the "License"); you may not use this file except in compliance with
 * the License.  You may obtain a copy of the License at
 * 
 *   http://www.apache.org/licenses/LICENSE-2.0
 * 
 * Unless required by applicable law or agreed to in writing, software
 * distributed under the License is distributed on an "AS IS" BASIS,
 * WITHOUT WARRANTIES OR CONDITIONS OF ANY KIND, either express or implied.
 * See the License for the specific language governing permissions and
 * limitations under the License.
 * 
 * ========================================================================
-->

<!DOCTYPE navigation PUBLIC
  "-//Apache Software Foundation//DTD Cactus Navigation V1.0//EN"
  "file:../dtds/navigation-v10.dtd">

<navigation title="Cactus" index="index">

  <menu label="About">
    <item id="index"/>
    <item id="goals"/>
    <item id="features"/>
    <item id="news"/>
    <item id="changes"/>
    <item id="downloads"/>
    <item id="bug_database" label="Bug Database"/>
    <item id="mailinglist"/>
    <item id="faq" label="FAQ"/>
    <item id="cactus_wiki" label="Wiki"/>
    <item id="license"/>
  </menu>

  <menu label="Documentation">
    <item id="getting_started"/>
    <item id="how_it_works"/>
    <item id="howto_testcase" label="Writing Tests"/>
    <item id="howto_runner" label="Running Tests"/>
    <item id="participating"/>
  </menu>

  <menu label="Miscellaneous">
    <item id="cactusname"/>
    <item id="mock_vs_cactus" label="Mock vs Container"/>
    <item id="cactus_testedon" label="Tested On..."/>
    <item id="resources" label="Resources"/>
    <item id="stats" label="Statistics"/>
    <item id="sitemap"/>
  </menu>

  <menu label="Translations">
    <item label="French" id="french"/>
    <item label="Korean" id="korean"/>
    <item label="Japanese" id="japanese"/>
  </menu>

</navigation>
