<?xml version="1.0"?>

<!--
 * ========================================================================
 * 
 * Licensed to the Apache Software Foundation (ASF) under one or more
 * contributor license agreements.  See the NOTICE file distributed with
 * this work for additional information regarding copyright ownership.
 * The ASF licenses this file to You under the Apache License, Version 2.0
 * (the "License"); you may not use this file except in compliance with
 * the License.  You may obtain a copy of the License at
 * 
 *   http://www.apache.org/licenses/LICENSE-2.0
 * 
 * Unless required by applicable law or agreed to in writing, software
 * distributed under the License is distributed on an "AS IS" BASIS,
 * WITHOUT WARRANTIES OR CONDITIONS OF ANY KIND, either express or implied.
 * See the License for the specific language governing permissions and
 * limitations under the License.
 * 
 * ========================================================================
-->

<document id="news_archives_2002">

  <properties>
    <title>News and Events - Archives for 2002</title>
  </properties>

  <body>

    <section name="News and Events - Archives for 2002">

      <table>

        <tr>
          <th>28/12/2002</th>
          <td>
            <a href="http://www.ehatchersolutions.com/JavaDevWithAnt/">
            JavaDevWithAnt</a>. Project demonstrating Ant, XDoclet, Struts, 
            JUnit, Cactus, and Lucene.
          </td>
        </tr>

        <tr>
          <th>01/12/2002</th>
          <td>
            Added automatic script support for JBoss 3.x. They are delivered
            as part of the Cactus distribution.
          </td>
        </tr>

        <tr>
          <th>07/11/2002</th>
          <td>
            Release 1.0 of the 
            <a href="ext:maven_cactus">Cactus plugin for Maven</a> is 
            out. This is certainly the easiest way to run Cactus tests so far.
            This plugin is part of the core Maven plugins and is thus delivered
            with Maven. 
          </td>
        </tr>

        <tr>
          <th>13/09/2002</th>
          <td>
            New tutorial that explains how to build Cactus from the sources.
            Check the <a href="site:howto_build">Build Howto</a> now !
          </td>
        </tr>

        <tr>
          <th>31/08/2002</th>
          <td>
            Cactus 1.4.1 has been released ! It is purely a bug fix release.
            Get it from the
            <a href="site:downloads">Download area</a>. Complete change
            log is available <a href="site:changes">here</a>.
          </td>
        </tr>

        <tr>
          <th>25/08/2002</th>
          <td>
            Cactus 1.4 final is released ! Get it from the
            <a href="site:downloads">Download area</a>. Complete change
            log is available <a href="site:changes">here</a>.
          </td>
        </tr>

        <tr>
          <th>29/07/2002</th>
          <td>
            Cactus 1.4 beta 1 is released ! Get it from the
            <a href="site:downloads">Download area</a>. Complete change
            log is available <a href="site:changes">here</a>.
          </td>
        </tr>

        <tr>
          <th>22/07/2002</th>
          <td>
            Added automatic script support for Orion 1.6. They are delivered
            as part of the Cactus distribution.
          </td>
        </tr>

        <tr>
          <th>28/06/2002</th>
          <td>
            <a href="http://www7b.boulder.ibm.com/wsdd/techjournal/0206_wosnick/wosnick.html">
            Article</a> from <a href="mailto:swosnick@ca.ibm.com">Sheldon Wosnick</a>
            explaining how to use Cactus inside WebSphere Studio Application Developer (WSAD).
          </td>
        </tr>

        <tr>
          <th>19/06/2002</th>
          <td>
            Added automatic script support for WebLogic 7.0. They are delivered
            as part of the Cactus distribution.
          </td>
        </tr>

        <tr>
          <th>09/06/2002</th>
          <td>
            Added <a href="site:coverage">Test Coverage Reports</a> that
            shows how good (or how bad !) Cactus self tests are. We have used
            <a href="ext:clover">Clover</a> to generate these reports.
          </td>
        </tr>

        <tr>
          <th>19/05/2002</th>
          <td>
            New <a href="http://www-106.ibm.com/developerworks/java/library/j-aspectj2/?loc=j">Test
            flexibly with AspectJ and mock objects</a> article by
            <a href="mailto:ndlesiecki@apache.org">Nick Lesiecki</a>:
            It demonstrates how to use AspectJ in association with Mock Objects
            to provide greater test flexibility. It also shows how AspectJ can
            complement Cactus tests.
          </td>
        </tr>

        <tr>
          <th>18/05/2002</th>
          <td>
            <a href="mailto:kaarle.kaila@iki.fi">Kaarle Kaila</a> has
            started <a href="http://kacoma.sourceforge.net">KaCoMa</a>:
            KaCoMa (abbreviation for Kaarle's ContentManagement until further
            notice) is a ContentManagement system for web-sites that serves
            as a tutorial for beginners of custom taglibraries and/or Unit
            testing of corresponding software.
          </td>
        </tr>

        <tr>
          <th>14/05/2002</th>
          <td>
            New <a href="site:howto_tomcat">Quick start tutorial</a> that
            explains how to run Cactus tests quickly in Tomcat.
          </td>
        </tr>

        <tr>
          <th>13/05/2002</th>
          <td>
            New tutorial that explains a new of running Cactus tests: through
            a browser. Check the <a href="site:howto_runner">TestRunner
            Howto</a> now !
          </td>
        </tr>

        <tr>
          <th>21/04/2002</th>
          <td>
            Cactus 1.3 is released ! Get it from the
            <a href="site:downloads">Download area</a>. Complete change
            log is available <a href="site:changes">here</a>.
          </td>
        </tr>

        <tr>
          <th>21/04/2002</th>
          <td>
            New <a href="ext:cactus_testedon">Tested On ...</a> page 
            which lists what containers have been tested with Cactus.
          </td>
        </tr>

        <tr>
          <th>20/04/2002</th>
          <td>
            New <a href="site:users">Cactus users</a> page.
          </td>
        </tr>

        <tr>
          <th>20/04/2002</th>
          <td>
            New <a href="site:logos">logo proposals</a> by Alessandro
            Ceglia, Dimenzio Design Works and Arthur Jasso.
          </td>
        </tr>

        <tr>
          <th>20/04/2002</th>
          <td>
            New <a href="site:howto_security">Security tutorial</a>.
          </td>
        </tr>

        <tr>
          <th>08/04/2002</th>
          <td>
            Cactus BOF at <a href="http://www.ot2002.org">OT2002</a> led
            by <a href="mailto:vmassol@octo.com">Vincent Massol</a> from
            <a href="ext:octo">OCTO Technology</a>.
          </td>
        </tr>

        <tr>
          <th>25/03/2002</th>
          <td>
            Speech on Cactus and the Jakarta Community entitled "Itineraire d'un
            logiciel libre: Jakarta Cactus" at the Luxembourg Free Open Source
            days ("Journees du Libre"). Led by
            <a href="mailto:vmassol@octo.com">Vincent Massol</a> from
            <a href="ext:octo">OCTO Technology</a>.
          </td>
        </tr>

        <tr>
          <th>21/03/2002</th>
          <td>
            Cactus is now integrated in
            <a href="http://www.objecteering.com">Objecteering</a>. Read
            <a href="http://www.objecteering.com/us/p_cactus.htm">here</a>
            for details about this integration.
          </td>
        </tr>

        <tr>
          <th>27/02/2002</th>
          <td>
            <a href="http://www.togethersoft.com">Together Control Center
            6.0</a> now incorporates the concept of Test
            Plan and has tight integration with JUnit, HttpUnit and Cactus.
          </td>
        </tr>

        <tr>
          <th>22/02/2002</th>
          <td>
            New <a href="site:logos">logo proposals</a> by Alessandro
            Ceglia !
          </td>
        </tr>

        <tr>
          <th>10/02/2002</th>
          <td>
            New <a href="ext:stats">Web site Statistics</a> page.
          </td>
        </tr>

        <tr>
          <th>20/01/2002</th>
          <td>
            Link to Cactus nightly build result added to the left menu in the
            developer section.
          </td>
        </tr>

        <tr>
          <th>19/01/2002</th>
          <td>
            New <a href="site:howto_ide_jbuilder5">JBuilder 5 tutorial</a>
            for Cactus integration. Thanks Sean !
          </td>
        </tr>

      </table>

    </section>

  </body>
</document>