<?xml version="1.0"?>

<!--
 * ========================================================================
 * 
 * Licensed to the Apache Software Foundation (ASF) under one or more
 * contributor license agreements.  See the NOTICE file distributed with
 * this work for additional information regarding copyright ownership.
 * The ASF licenses this file to You under the Apache License, Version 2.0
 * (the "License"); you may not use this file except in compliance with
 * the License.  You may obtain a copy of the License at
 * 
 *   http://www.apache.org/licenses/LICENSE-2.0
 * 
 * Unless required by applicable law or agreed to in writing, software
 * distributed under the License is distributed on an "AS IS" BASIS,
 * WITHOUT WARRANTIES OR CONDITIONS OF ANY KIND, either express or implied.
 * See the License for the specific language governing permissions and
 * limitations under the License.
 * 
 * ========================================================================
-->

<!DOCTYPE navigation
  PUBLIC "-//Apache Software Foundation//DTD Cactus Navigation V1.0//EN"
  "file:../../../dtds/navigation-v10.dtd">

<navigation title="Eclipse" index="integration_eclipse">

  <menu label="Main Page" id="index"/>

  <menu label="Eclipse Integration">
    <item id="integration_eclipse" label="Overview"/>
  </menu>

  <menu label="Eclipse Plugins">
    <item id="integration_eclipse_runner" label="Cactus Runner Plugin"/>
    <item id="integration_eclipse_webapp" label="Web Application Plugin"/>
  </menu>

  <menu label="Developers">
    <item id="integration_eclipse_dev" label="Development environment"/>
  </menu>
  
</navigation>
