<?xml version="1.0"?>

<!--
 * ========================================================================
 * 
 * Licensed to the Apache Software Foundation (ASF) under one or more
 * contributor license agreements.  See the NOTICE file distributed with
 * this work for additional information regarding copyright ownership.
 * The ASF licenses this file to You under the Apache License, Version 2.0
 * (the "License"); you may not use this file except in compliance with
 * the License.  You may obtain a copy of the License at
 * 
 *   http://www.apache.org/licenses/LICENSE-2.0
 * 
 * Unless required by applicable law or agreed to in writing, software
 * distributed under the License is distributed on an "AS IS" BASIS,
 * WITHOUT WARRANTIES OR CONDITIONS OF ANY KIND, either express or implied.
 * See the License for the specific language governing permissions and
 * limitations under the License.
 * 
 * ========================================================================
-->

<document id="build_result">

  <properties>
    <title>Nightly Build Results</title>
  </properties>

  <body>

<section name="Nightly Build Results">

      <p>
        Every day, the main Cactus build is run, the cactus jars are generated,
        the full suite of tests is executed and a nightly cactus distribution
        is packaged. This is possible thanks to
        <a href="http://gump.apache.org/">GUMP</a>.
      </p>
      <p>
        Please find below the links to the Cactus Nightly Build results:
      </p>

      <ul>
        <li>
          <link href="ext:gump_cactus_doc">Cactus Documentation</link>
        </li>
        <li>
          <link href="ext:gump_cactus_framework_12">Cactus Framework for 
          J2EE 1.2</link>
        </li>
        <li>
          <link href="ext:gump_cactus_framework_13">Cactus Framework for 
          J2EE 1.3</link>
        </li>
        <li>
          <link href="ext:gump_cactus_integration_ant_12">Cactus Ant 
          Integration for J2EE 1.2</link>
        </li>
        <li>
          <link href="ext:gump_cactus_integration_ant_13">Cactus Ant 
          Integration for J2EE 1.3</link>
        </li>
        <li>
          <link href="ext:gump_cactus_sample_servlet_12">Cactus Servlet 
          Sample for J2EE 1.2 (Servlet API 2.2)</link>
        </li>
        <li>
          <a href="ext:gump_cactus_sample_servlet_13">Cactus Servlet 
          Sample for J2EE 1.3 (Servlet API 2.3)</a>
        </li>
        <li>
          <a href="http://lsd.student.utwente.nl/gump/jakarta-cactus/jakarta-cactus-sample-jetty-13/index.html">Cactus Jetty 
          Sample for J2EE 1.3 (Servlet API 2.3)</a>
        </li>
      </ul>

      <note>
        All Gump results are available
        <a href="http://lsd.student.utwente.nl/gump/projects.html">here</a>.
      </note>

      <p>
        If the nightly build is successful, Gump posts the packaged Cactus
        distributable in the Cactus nightly
        <a href="../downloads.html">download area</a>.
      </p>

    </section>

  </body>
</document>
