<?xml version="1.0"?>

<!--
 * ========================================================================
 * 
 * Licensed to the Apache Software Foundation (ASF) under one or more
 * contributor license agreements.  See the NOTICE file distributed with
 * this work for additional information regarding copyright ownership.
 * The ASF licenses this file to You under the Apache License, Version 2.0
 * (the "License"); you may not use this file except in compliance with
 * the License.  You may obtain a copy of the License at
 * 
 *   http://www.apache.org/licenses/LICENSE-2.0
 * 
 * Unless required by applicable law or agreed to in writing, software
 * distributed under the License is distributed on an "AS IS" BASIS,
 * WITHOUT WARRANTIES OR CONDITIONS OF ANY KIND, either express or implied.
 * See the License for the specific language governing permissions and
 * limitations under the License.
 * 
 * ========================================================================
-->

<document id="coverage">

  <properties>
    <title>Test Coverage</title>
  </properties>

  <body>

<section name="Test Coverage Reports">

      <p>
        These are test coverage reports for Cactus. They were generated using
	<a href="http://www.cenqua.com/clover/">Clover</a>.
        They show how good (or how bad) the Cactus tests suite is.
      </p>

      <ul>
        <li>
		<a href="../clover-12/index.html">
            Test coverage for Cactus for J2EE 1.2
          </a>
        </li>
        <li>
		<a href="../clover-13/index.html">
            Test coverage for Cactus for J2EE 1.3
          </a>
        </li>
      </ul>

    </section>

  </body>
</document>
