<?xml version="1.0"?>

<!--
 * ========================================================================
 * 
 * Licensed to the Apache Software Foundation (ASF) under one or more
 * contributor license agreements.  See the NOTICE file distributed with
 * this work for additional information regarding copyright ownership.
 * The ASF licenses this file to You under the Apache License, Version 2.0
 * (the "License"); you may not use this file except in compliance with
 * the License.  You may obtain a copy of the License at
 * 
 *   http://www.apache.org/licenses/LICENSE-2.0
 * 
 * Unless required by applicable law or agreed to in writing, software
 * distributed under the License is distributed on an "AS IS" BASIS,
 * WITHOUT WARRANTIES OR CONDITIONS OF ANY KIND, either express or implied.
 * See the License for the specific language governing permissions and
 * limitations under the License.
 * 
 * ========================================================================
-->

<document id="howto_build">

  <properties>
    <title>Building Cactus from the Source</title>
  </properties>

  <body>

	  <section name="Introduction">
      <p>
        This tutorial explains how to build Cactus from SVN or from a source
        download.
      </p>
      <note>
        If you just want to use Cactus, it will be easier to simply download
	a <a href="../downloads.html">nightly build</a> (if you need the
        latest and greatest), or the latest 
	<a href="../downloads.html">stable release</a> otherwise.
      </note>
    </section>

    <section name="Getting the Source">
      <p>
        There are two ways to obtain the source code for Cactus: either 
        directly from SVN, or by downloading a prepackaged source archive.
      </p>

      <section name="SVN">
      	<p>
          To get the current development version of the Cactus source code,
          you'll need to download the source from SVN. To do this, you'll need
          to have a SVN client installed.
        </p>
        <p>
          Detailed instructions about accessing the Apache SVN repository can
          be found
	  <a href="http://jakarta.apache.org/site/cvsindex.html">here</a>.
        </p>
      </section>

      <section name="Prepackaged Source Archives">
        <p>
          If you don't have access to the Apache SVN repository (because you're
          behind a firewall, for example), or you don't need to be absolutely 
          up to date, you can download an archive containing a snapshot of the
          Cactus code base.
        </p>
        <p>
          Such archives are made available for each release as well as for the
	  nightly builds. Go <a href="http://jakarta.apache.org/cactus/downloads.html">here</a> to find out about the download locations.
        </p>
      </section>

    </section>

    <section name="Prerequisites">

      <p>
        The following sections list java libraries that you need to have
        present in your local filesystem for the build. 
        <strong>Do not worry!</strong> We won't ask you to fish around to 
        get these libraries :-)
        The Maven2 build system does this automatically. The
        next section on <a href="#build">Performing Builds</a>
        explains how to use it.
      </p>

      <section name="Maven">

        <p>
          To build Cactus from source, you'll need to have
          <a href="http://maven.apache.org">Maven</a> 2.0.4 (or later) installed. For building the samples module you'll need to have 
          <a href="http://ant.apache.org">Ant</a> 1.6.5 (or later) installed.
        </p>

        <p>
          You'll need to have the following libraries put in your 
          <code>[ANT_HOME]/lib/</code> directory.
        </p>
        
        <table>
          <tr>
            <th>Name</th>
            <th>Optional?</th>
            <th>Version</th>
            <th>Description</th>
          </tr>
          <tr>
            <td nowrap="true">
              <a href="http://junit.org">junit.jar</a>
            </td>
            <td>
              No
            </td>
            <td nowrap="true">
              3.8.1 or later
            </td>
            <td>
              The JUnit unit testing framework.
            </td>
          </tr>
					<tr>
						<td nowrap="true">
							<a href="http://ant.apache.org/ivy/">ivy-[version].jar</a>
						</td>
						<td>
							No
						</td>
						<td nowrap="true">
							2.0.0-beta1
						</td>
						<td>
							The Ivy dependency management library.
						</td>
          </tr>
					<tr>
            <td nowrap="true">
		    <a href="http://xml.apache.org/xalan-j/">xalan.jar</a>
            </td>
            <td>
              Yes. Required only if you're building with a JDK version lower 
              than 1.4. You should also be able to use a different XSLT 
              processor.
            </td>
            <td nowrap="true">
              (not sure - we need to find the version)
            </td>
            <td>
              A XSLT processor.
            </td>
          </tr>
          <tr>
            <td nowrap="true">
		    <a href="http://www.cenqua.com/clover/">clover.jar</a>
            </td>
            <td>
              Yes. Required only to run the release build of Cactus or if you 
              have turned on "clovering" (<code>clover.enable = true</code>).
            </td>
            <td nowrap="true">1.2.3</td>
            <td>
              Clover code coverage tool.
            </td>
          </tr>
        </table>

      </section>
      
      <section name="Required Libraries">

        <p>
          In addition, Cactus depends on a number of additional external
          libraries at build time. The Maven2 build system will download 
          automatically these dependencies in the local repository. 
        </p>

        <table>
          <tr>
            <th>Name</th>
            <th>Version</th>
            <th>Description</th>
          </tr>
          <tr>
            <td nowrap="true">
		    <a href="http://www.eclipse.org/aspectj/">aspectjrt.jar</a>
            </td>
            <td nowrap="true">1.1.1 +</td>
            <td>
              The AspectJ runtime.
            </td>
          </tr>
          <tr>
            <td nowrap="true">
		    <a href="http://www.eclipse.org/aspectj/">aspectjtools.jar</a>
            </td>
            <td nowrap="true">1.1.1 +</td>
            <td>
              The AspectJ compiler and other tools.
            </td>
          </tr>
          <tr>
            <td nowrap="true">
		    <a href="http://jakarta.apache.org/commons/httpclient/">commons-httpclient.jar</a>
            </td>
            <td nowrap="true">2.0 +</td>
            <td>
              Jakarta Commons HttpClient.
            </td>
          </tr>
          <tr>
            <td nowrap="true">
		    <a href="http://jakarta.apache.org/commons/logging/">commons-logging.jar</a>
            </td>
            <td nowrap="true">1.0.3 +</td>
            <td>
              Jakarta Commons Logging.
            </td>
          </tr>
          <tr>
            <td nowrap="true">
		    <a href="http://junit.org/">junit.jar</a>
            </td>
            <td nowrap="true">3.8.1 +</td>
            <td>
              The JUnit framework.<br/>
              <em>This JAR file must be placed in the <code>lib</code>
              directory of your Ant installation, or Ant will not be able
              to load the required classes.</em>
            </td>
          </tr>
          <tr>
            <td nowrap="true">
              servlet.jar
            </td>
            <td nowrap="true">2.2, 2.3 or 2.4</td>
            <td>
              The Servlet/JSP API.<br/>
              <em>This JAR file comes with your servlet container or
              application server. To perform a complete build of Cactus, you'll
              need to have JARs for versions 2.2, 2.3 and 2.4 of the servlet
              API.</em>
            </td>
          </tr>
          <tr>
            <td nowrap="true">
		    <a href="http://checkstyle.sf.net/">checkstyle.jar</a>
            </td>
            <td nowrap="true">3.4</td>
            <td>
              The Checkstyle code auditing tool.
            </td>
          </tr>
          <tr>
            <td nowrap="true">
		    <a href="http://antlr.org/">antlr.jar</a>
            </td>
            <td nowrap="true">2.7.2</td>
            <td>
              The ANTLR translator generator (required by Checkstyle).
            </td>
          </tr>
          <tr>
            <td nowrap="true">
		    <a href="http://jakarta.apache.org/commons/beanutils/">commons-beanutils.jar</a>
            </td>
            <td nowrap="true">1.6.1</td>
            <td>
              Jakarta Commons BeanUtils (required by Checkstyle).
            </td>
          </tr>
          <tr>
            <td nowrap="true">
		    <a href="http://jakarta.apache.org/commons/collections/">commons-collections.jar</a>
            </td>
            <td nowrap="true">2.1</td>
            <td>
              Jakarta Commons Collections (required by Checkstyle).
            </td>
          </tr>
          <tr>
            <td nowrap="true">
              <a href="http://jakarta.apache.org/regexp/">regexp.jar</a>
            </td>
            <td nowrap="true">1.3</td>
            <td>
              Jakarta RegExp (required by Checkstyle).
            </td>
          </tr>
          <tr>
            <td>
              <a href="http://httpunit.sourceforge.net/">httpunit.jar</a>
            </td>
            <td nowrap="true">1.5.4 +</td>
            <td>
              HttpUnit. Required for testing the
              <a href="../writing/howto_httpunit.html">HttpUnit</a> integration.
            </td>
          </tr>
          <tr>
            <td nowrap="true">
              <a href="http://sourceforge.net/projects/nekohtml/">nekohtml.jar</a>
            </td>
            <td nowrap="true">0.8.1</td>
            <td>
              The Cyberneko HTML parser (required by HttpUnit).
            </td>
          </tr>
          <tr>
            <td nowrap="true">
              <a href="http://logging.apache.org/log4j/">log4j.jar</a>
            </td>
            <td nowrap="true">1.2.8</td>
            <td>
              Jakarta Log4j. Required for packaging the Cactus distribution.
            </td>
          </tr>
          <tr>
            <td nowrap="true">
              <a href="http://java.sun.com/products/jsp/jstl/">jstl.jar</a>
            </td>
            <td nowrap="true">1.0.2</td>
            <td>
              JSP Standard Tag Library. Required for compiling and running the
              servlet sample test suite on J2EE 1.3.
            </td>
          </tr>
          <tr>
            <td nowrap="true">
              <a href="http://jakarta.apache.org/taglibs/doc/standard-doc/intro.html">standard.jar</a>
            </td>
            <td nowrap="true">1.0.2</td>
            <td>
              Jakarta Standard Taglib. Required for compiling and running the
              servlet sample test suite on J2EE 1.3.
            </td>
          </tr>
          <tr>
            <td nowrap="true">
              <a href="http://mortbay.org/jetty/">jetty.jar</a>
            </td>
            <td nowrap="true">4.2.17 +</td>
            <td>
              Jetty Servlet container. Required to build and run the Jetty 
              sample project.
            </td>
          </tr>
          <tr>
            <td nowrap="true">
              <a href="http://www.ibiblio.org/maven/tomcat/jars">jasper-compiler.jar</a>
            </td>
            <td nowrap="true">4.1.30 +</td>
            <td>
              JSP engine required by Jetty to process JSPs. Required to build
              and run the Jetty sample project.
            </td>
          </tr>
          <tr>
            <td nowrap="true">
              <a href="http://www.ibiblio.org/maven/tomcat/jars">jasper-runtime.jar</a>
            </td>
            <td nowrap="true">4.1.30 +</td>
            <td>
              JSP engine required by Jetty to process JSPs. Required to build
              and run the Jetty sample project.
            </td>
          </tr>
          <tr>
            <td nowrap="true">
							<a href="http://www.mockobjects.com/">jmock.jar</a>
            </td>
						<td nowrap="true">1.2.0</td>
            <td>
              Mock object library used by several unit tests.
            </td>
          </tr>
          <tr>
            <td nowrap="true">
              <a href="http://cargo.codehaus.org/">cargo-uberjar.jar</a>
            </td>
            <td nowrap="true">0.9</td>
            <td>
              Cargo framework for manipulating the different containers.
            </td>
          </tr>
					<tr>
						<td nowrap="true">
							<a href="http://cargo.codehaus.org/">cargo-ant.jar</a>
						</td>
						<td nowrap="true">0.9</td>
						<td>
							Cargo-ant tasks for manipulating the different containers.
						</td>
          </tr>
        </table>
      </section>

    </section>

    <section name="Understanding the Directory Structure">
      <p>
        The Cactus project is divided into several modules, each having 
        its own build:
      </p>
      <dl>
      	<dt>cactus-site/</dt>
      	<dd>
      	  The Cactus documentation.
      	</dd>
        <dt>framework/</dt>
        <dd>
          The Cactus framework itself.
        </dd>
        <dt>integration/</dt>
        <dd>
          Various tool integration modules.
          <dl>
            <dt>ant/</dt>
            <dd>
              <a href="http://ant.apache.org/">Ant</a> tasks and support classes
              provided by Cactus.
            </dd>
            <dt>eclipse/</dt>
            <dd>
              Plugins for integration with the open-source IDE
              <a href="http://www.eclipse.org/">Eclipse</a>.
            </dd>
            <dt>maven/</dt>
            <dd>
              <a href="http://maven.apache.org/">Maven</a> plugins for Cactus.
            </dd>
            <dt>shared-api/</dt>
            <dd>
              Some shared resources that are used by all of the other integration componenets..
            </dd>
          </dl>
        </dd>
        <dt>samples/</dt>
        <dd>
          Sample applications using Cactus.
          <dl>
            <dt>servlet</dt>
            <dd>
              Sample web-application using Cactus. It currently also acts as
              functional and regression test suite for the Cactus framework.
              (in order to build it correctly you will have to specify your [TOMCAT_HOME] folder in the build.properties file in the samples directory)
            </dd>
            <dt>ejb</dt>
            <dd>
              Sample EJB using Cactus. It currently also acts as
              functional and regression test suite for the Cactus framework.
              (in order to build it correctly you will have to specify your [JBOSS_HOME] folder in the build.properties file in the samples directory)
            </dd>
          </dl>
        </dd>
      </dl>
      <p>
        All modules follow a similar directory structure and they all use
        Maven as the build tool.
      </p>
    </section>

    <section name="Performing Maven builds">

      <p>
        Good news: it should be extremely easy to build Cactus from the 
        sources! :-) After ensuring that you connected to internet, type the 
        following command one after another:
      </p>
      <ul>
        <li>
          <strong><code>mvn clean install</code></strong>: This will 
          automatically download all the required dependencies. It takes about
          7 minutes on a 512 kbps internet connection the first time. If you're
          behind a firewall, you'll need to read this <a href="http://maven.apache.org/guides/mini/guide-proxies.html">tutorial</a> for specifying a proxy.
        </li>
      </ul>
      <p>
        The build result will be located in the <code>[USER_HOME]/.m2/repository/org/apache/cactus/</code> directory.
      </p>
      <note>
        Some projects depend on others and thus you may need to run the build
        for those projects first. For example, the servlet sample depends on
        the framework and the Ant integration, so these will need to be built
        before the servlet sample is built. To avoid these problems you can
        simply type <code>mvn install</code> at the top level as it builds the
        different projects in the correct order.
      </note>

      <p>
        Before creating a patch, and especially before committing changes, be
        sure to run both the <em>checkstyle</em> and <em>test</em> plugins of
        the corresponding module. Often we will also need to run the servlet
        sample tests, because they effectively represent the regression test
        suite for Cactus. You might want to simply perform a full rebuild to
        be sure that nothing has been negatively affected by your changes.
      </p>
    </section>
		
		<section name="Create the Cactus Archives From Source">
			
			<p>
				So after you have checked out the source of Cactus there is
				one more step to make in order to get the assemblies. First,
				as usual, ensure that you are connected to the internet. After
				that go to the top-folder of the Cactus check-out and 
				follow these steps.
			</p>
			<ul>
				<li>
					In order to make the archives you need to prepare the content
					for the archives. First package all the jars with:
					<strong><code>mvn clean package</code></strong>:
					This will make all of the submodules to package their jars.
				</li>	
				<li>
					<strong><code>mvn assembly:assembly -N</code></strong>: This will 
					automatically start making the assemblies, and once the download
					of all of the required dependencies is finished you will see a <code>target/</code>
					folder in the top-level folder. This folder will contain the 
					assemblies for the Cactus project.
				</li>
			</ul>
    </section>
		<section name="Generating the Cactus web-site.">
			
			<p>
				If you want to generate the Cactus web-site, this is what you 
				should do:
			</p>
			<ul>
				<li>
					Navigate to the top-folder of the Cactus check-out and generate
					the javadoc:<br/>
					<strong><code>mvn javadoc:javadoc</code></strong><br/>
					and XRef:<br/>
					<strong><code>mvn jxr:jxr</code></strong><br/>
					contents of the web-site. These two line will generate the reports in the
					<strong><code>cactus-site/src/site/resources/</code></strong> folder.
				</li>
				<li>					
					After that navigate to the cactus-site submodule:<br/>
					<strong><code>cd cactus-site/</code></strong><br/>
					and execute the following:<br/>
					<strong><code>mvn site:site</code></strong><br/>
					As a result you will have the Cactus web-site generated in the
					<strong><code>[CACTUS_ROOT]/cactus-site/target/site</code></strong>
					folder.
				</li>	
			</ul>
    </section>
  </body>

</document>
