<?xml version="1.0"?>

<!--
 * ========================================================================
 * 
 * Licensed to the Apache Software Foundation (ASF) under one or more
 * contributor license agreements.  See the NOTICE file distributed with
 * this work for additional information regarding copyright ownership.
 * The ASF licenses this file to You under the Apache License, Version 2.0
 * (the "License"); you may not use this file except in compliance with
 * the License.  You may obtain a copy of the License at
 * 
 *   http://www.apache.org/licenses/LICENSE-2.0
 * 
 * Unless required by applicable law or agreed to in writing, software
 * distributed under the License is distributed on an "AS IS" BASIS,
 * WITHOUT WARRANTIES OR CONDITIONS OF ANY KIND, either express or implied.
 * See the License for the specific language governing permissions and
 * limitations under the License.
 * 
 * ========================================================================
-->

<document id="users">

  <properties>
    <title>Who is using Cactus?</title>
  </properties>

  <body>

  <section name="Who is using Cactus?">

      <p>
        This page is dedicated for Cactus users who want to share with other
        their usage of Cactus in their projects and/or within their company.
      </p>
      <p>
        In order to make this page alive and easy to add to, we've choosen to
        use a Wiki system. Click the link below and edit the page.
      </p>
      <p>
        <strong><a href="http://wiki.apache.org/jakarta-cactus/WhoUsesCactus">Who uses
        Cactus?</a></strong>
      </p>

    </section>

  </body>
</document>
