<?xml version="1.0"?>

<!--
		* ========================================================================
		* 
		* Licensed to the Apache Software Foundation (ASF) under one or more
		* contributor license agreements.  See the NOTICE file distributed with
		* this work for additional information regarding copyright ownership.
		* The ASF licenses this file to You under the Apache License, Version 2.0
		* (the "License"); you may not use this file except in compliance with
		* the License.  You may obtain a copy of the License at
		* 
		*   http://www.apache.org/licenses/LICENSE-2.0
		* 
		* Unless required by applicable law or agreed to in writing, software
		* distributed under the License is distributed on an "AS IS" BASIS,
		* WITHOUT WARRANTIES OR CONDITIONS OF ANY KIND, either express or implied.
		* See the License for the specific language governing permissions and
		* limitations under the License.
		* 
		* ========================================================================
		-->

<document id="howto_ejb_j2eeri">
	
	<properties>
		<title>EJB Testing with J2EE RI</title>
	</properties>
	
	<body>
		
		<section name="Forewords">
			<p>
				This document explains how to unit test EJBs version 3.0 with Cactus. It is a good idea 
				to have a look at the
				sample applications that come with Cactus's distribution in <code>samples/ejb3</code>
			</p>
			<p>
				This tutorial shows how to write test cases for unit testing
				EJB methods. The EJB used in this example is a simple Stateless Bean.
			</p>
			<p>
				This tutorial assumes the reader has already understood how to use
				Cactus to test Servlet. To test an EJB, you need to prepare a war to
				contain the cactus setting and test cases, and then prepare a jar of
				your ejb. You need to match the JNDI name in the ejb jar and the war.
			</p>
			
		</section>
		
		<section name="EJB Jar">
			
			<subsection name="Step 1: Prepare the Sample EJB">
				
				<p>
					The EJB used in this tutorial is a simple Stateless Bean with a method
					for converting Yen to Dollar.
				</p>
			</subsection>
		<subsection name="EJB Bean">
					
		<source>
			<![CDATA[
package org.apache.cactus.sample.ejb3;

import javax.ejb.Stateless;

import org.apache.cactus.sample.ejb3.IConvertLocal;

/**
* Sample EJB3 bean.
*
* @version $Id: ConverterBean.java 238816 2008-06-31 16:36:46Z ptahchiev $
*/
@Stateless
public class ConverterBean implements IConvertLocal {
	
     /* (non-Javadoc)
      * @see org.apache.cactus.sample.ejb3.IConvertLocal#convert(double)
      */
      public double convert(double theYenAmount) {
         return theYenAmount / 100.0;
      }
}
       ]]>
    </source>
    </subsection>
    <subsection name="EJB Local Interface">

      <source>
				<![CDATA[
package org.apache.cactus.sample.ejb3;

import java.io.Serializable;

import javax.ejb.Local;

/**
 * Sample EJB local interface
 *
 * @version $Id: IConverterLocal.java 238816 2008-06-31 16:36:46Z ptahchiev $
 */
@Local
public interface IConvertLocal extends Serializable
{
     /**
      * A method declaration to convert yen to dollars.
      *
      * @param theYenAmount
      * @return
      */
      public double convert(double theYenAmount);
}]]>
      </source>
    </subsection>
  </section>
  <section name="Prepare deployment descriptors">
				<subsection name="application.xml">
					<source>
<![CDATA[
<?xml version="1.0" encoding="UTF-8"?>
<!DOCTYPE application
   PUBLIC '-//Sun Microsystems, Inc.//DTD J2EE Application 1.3//EN'
   'http://java.sun.com/j2ee/dtds/application_1_3.dtd'>
<application>
   <display-name>cactus-sample-ejb</display-name>
   <description>Cactus EJB3 Sample</description>
   <module>
      <ejb>samples-ejb3-1.8.1-SNAPSHOT.ejb3</ejb>
   </module>
</application>
]]>
					</source>
				</subsection>
  </section>
	<section name="Cactus Web Application">
				<subsection name="Step 1: Prepare test code">
						<source>
							<![CDATA[
package org.apache.cactus.sample.ejb3;

import java.util.Properties;

import javax.naming.InitialContext;

import junit.framework.TestCase;

import org.apache.cactus.ServletTestCase;

/**
 * Sample Cactus test for a session bean.
 *
 * @version $Id: TestConverterEJB.java 238816 2004-02-29 16:36:46Z vmassol $
 */
public class TestConverterEJB extends ServletTestCase
{
      /**
       * Class under test
       */
      private IConvertLocal converter;
      /**
       * @see TestCase#setUp()
       */
      public void setUp() throws Exception
      {
         Properties properties = new Properties();
         properties.put("java.naming.factory.initial", "org.jnp.interfaces.NamingContextFactory");
         properties.put("java.naming.factory.url.pkgs", "org.jboss.naming rg.jnp.interfaces");
         properties.put("java.naming.provider.url", "jnp://localhost:1099");
         InitialContext ctx = new InitialContext(properties);
         converter = (IConvertLocal) ctx.lookup("samples-ejb-1.8.1-SNAPSHOT-cactified/"+ConverterBean.class.getSimpleName()+"/local");
      }
      /**
       * Verify yen to dollars conversion works.
       * @throws Exception on error
       */
      public void testConvert() throws Exception
      {
         double dollar = this.converter.convert(100.0);
         assertEquals("dollar", 1.0, dollar, 0.01);
      }
}
							]]>
						</source>
				</subsection>
				<subsection name="Step 2: Prepare Web Application Deployment Descriptor (web.xml)">
					<source>
						<![CDATA[
<?xml version="1.0" encoding="UTF-8"?>
	<!DOCTYPE web-app
						PUBLIC "-//Sun Microsystems, Inc.//DTD Web Application 2.2//EN"
						"http://java.sun.com/j2ee/dtds/web-app_2.2.dtd">
<web-app>
   <servlet>
      <servlet-name>ServletRedirector</servlet-name>
      <servlet-class>org.apache.cactus.server.ServletTestRedirector</servlet-class>
   </servlet>
   <servlet-mapping>
      <servlet-name>ServletRedirector</servlet-name>
      <url-pattern>/ServletRedirector</url-pattern>
   </servlet-mapping>

	[...]

   <ejb-ref>
      <ejb-ref-name>ejb/Converter</ejb-ref-name>
      <ejb-ref-type>Session</ejb-ref-type>
      <home>org.apache.cactus.sample.ejb.ConverterHome</home>
      <remote>org.apache.cactus.sample.ejb.Converter</remote>
   </ejb-ref>
</web-app>]]>
							</source>
			</subsection>
					<subsection name="Step 3: Package Web Application">
						
						<p>
							Package the web application into a war file.
						</p>
						
					</subsection>
  </section>
	<section name="Deploy">
				<p>
				You need to package the war file with all the additional jar files in an ear file
				and then deploy the ear file based on
				the deployment procedure of your servlet container and your ejb
				container.
				</p>
						
	</section>
	</body>
</document>
