<?xml version="1.0"?>

<!--
 * ========================================================================
 * 
 * Licensed to the Apache Software Foundation (ASF) under one or more
 * contributor license agreements.  See the NOTICE file distributed with
 * this work for additional information regarding copyright ownership.
 * The ASF licenses this file to You under the Apache License, Version 2.0
 * (the "License"); you may not use this file except in compliance with
 * the License.  You may obtain a copy of the License at
 * 
 *   http://www.apache.org/licenses/LICENSE-2.0
 * 
 * Unless required by applicable law or agreed to in writing, software
 * distributed under the License is distributed on an "AS IS" BASIS,
 * WITHOUT WARRANTIES OR CONDITIONS OF ANY KIND, either express or implied.
 * See the License for the specific language governing permissions and
 * limitations under the License.
 * 
 * ========================================================================
-->

<!DOCTYPE navigation
  PUBLIC "-//Apache Software Foundation//DTD Cactus Navigation V1.0//EN"
  "file:../../dtds/navigation-v10.dtd">

<project>
<body>
  <menu name="Main Page" id="index"/>

  <menu name="Writing Tests">
	  <item id="howto_testcase" name="General Principles"/>
	  <item id="howto_testcase_servlet" name="Testing Servlets"/>
	  <item id="howto_testcase_filter" name="Testing Filters"/>
	  <item id="howto_jsp" name="Testing JSP Pages"/>
	  <item id="howto_testcase_jsp" name="Testing Taglibs"/>
	  <item id="howto_ejb" name="Testing EJBs"/>
  </menu>

  <menu name="Advanced Topics">
	  <item id="howto_httpunit" name="Integrating HttpUnit"/>
	  <item id="howto_security" name="Using Authentication"/>
  </menu>

  <menu name="Reference">
	  <item id="javadoc_framework_12" name="Javadocs (J2EE 1.2)"/>
	  <item id="javadoc_framework_13" name="Javadocs (J2EE 1.3)"/>
  </menu>
</body>
</project>
