<?xml version="1.0"?>

<!--
 * ========================================================================
 * 
 * Licensed to the Apache Software Foundation (ASF) under one or more
 * contributor license agreements.  See the NOTICE file distributed with
 * this work for additional information regarding copyright ownership.
 * The ASF licenses this file to You under the Apache License, Version 2.0
 * (the "License"); you may not use this file except in compliance with
 * the License.  You may obtain a copy of the License at
 * 
 *   http://www.apache.org/licenses/LICENSE-2.0
 * 
 * Unless required by applicable law or agreed to in writing, software
 * distributed under the License is distributed on an "AS IS" BASIS,
 * WITHOUT WARRANTIES OR CONDITIONS OF ANY KIND, either express or implied.
 * See the License for the specific language governing permissions and
 * limitations under the License.
 * 
 * ========================================================================
-->

<document id="howto_ide_jbuilder5">

  <properties>
    <title>JBuilder 5 Integration</title>
  </properties>

  <body>

    <section name="Forewords and Requirements">

      <p>
        This document describes steps to setup Cactus to unit test Server side
        code (i.e. EJBs, Servlets, etc) deployed to Weblogic 6.1 within
        JBuilder5 IDE.
      </p>

      <p>
        The steps described below apply to current release (Cactus 1.3 as of
        this writing) and assume that Cactus has been installed correctly
        (which means that you can run sample successfully).
      </p>

    </section>

    <section name="Step 1: Create cactus.properties file">

      <p>
        Create cactus.properties file: Add entry to identify the URL of the
	redirector (see the <a href="/integration/manual/howto_config.html">Configuration
        Howto</a> for details).
      </p>

    </section>

    <section name="Step 2: Configure Cactus to work with JBuilder5">

      <p>
        Follow these steps:
      </p>
      <ol>
        <li>
          Click Menu item Tools/Configure Libraries to open Configure Libraries
          wizard
        </li>
        <li>
          On the lefthand side of Configure Libraries wizard, click on New
          button to open New Library Wizard.
        </li>
        <li>
          Enter value <code>"cactus"</code> in the Name field.  Choose
          <code>"user home"</code> from the Location drop down menu.
        </li>
        <li>
          Click on Add button to open the dialog to choose files.
        </li>
        <li>
          Navigate to <code>[cactus home]/lib/</code> directory, select
          <code>cactus.jar</code> and click OK button.
        </li>
        <li>
          Click on Add button again to open the dialog to choose files.
        </li>
        <li>
          Navigate to the directory where the <code>cactus.properties</code>
          file is saved.
        </li>
        <li>
          Click OK button.
        </li>
        <li>
          Click "Add as Class Path" button if "No Paths Found" dialog box pops
          up
        </li>
        <li>
          Follow steps 2 - 6 to add <code>junit.jar</code>,
          <code>httpclient.jar</code> and <code>aspectjrt.jar</code> which are
          all in <code>[cactus home]/lib</code> directory
        </li>
        <li>
          Optionally, add <code>log4j.jar</code> in
          <code>[cactus home]/lib</code> directory to enable cactus logging
        </li>
        <li>
          Click Menu item Project/Project Properties to open Project
          Properties dialog box
        </li>
        <li>
          Click Path tab and then Required Libraries tab
        </li>
        <li>
          Click Add button and add the libraries created above to your project.
        </li>
      </ol>

    </section>

    <section name="Step 3: Configure Cactus for Weblogic6.1">

      <ol>
        <li>
          Open <code>web.xml</code> in <code>WEB-INF</code> directory of the
          web application deployed on Weblogic
        </li>
        <li>
          Add the mapping for the redirector under the
          <code>&lt;web-app&gt;</code> element.
        </li>
        <li>
          Copy <code>cactus.jar</code>, <code>junit.jar</code>,
          <code>aspectjrt.jar</code> and
          <code>log4j.jar</code>(optional) to <code>WEB-INF/lib</code>
          directory of the web application
        </li>
        <li>
          Copy your classes files to <code>WEB-INF/classes</code> directory of
          the web application
        </li>
      </ol>

    </section>

    <section name="Step 4: Run the test">

      <ol>
        <li>
          In JBuilder, click Menu item Project/Project Properties
        </li>
        <li>
          Click Run tab and then Application tab
        </li>
        <li>
          Open "Select Main Class for Project" dialog box and choose the test
          case class which has a main method in it.
        </li>
        <li>
          Run your project
        </li>
      </ol>

    </section>

  </body>
</document>