<?xml version="1.0"?>
<!--
   Licensed to the Apache Software Foundation (ASF) under one or more
   contributor license agreements.  See the NOTICE file distributed with
   this work for additional information regarding copyright ownership.
   The ASF licenses this file to You under the Apache License, Version 2.0
   (the "License"); you may not use this file except in compliance with
   the License.  You may obtain a copy of the License at
 
       http://www.apache.org/licenses/LICENSE-2.0
 
   Unless required by applicable law or agreed to in writing, software
   distributed under the License is distributed on an "AS IS" BASIS,
   WITHOUT WARRANTIES OR CONDITIONS OF ANY KIND, either express or implied.
   See the License for the specific language governing permissions and
   limitations under the License.
-->

<!DOCTYPE navigation
  PUBLIC "-//Apache Software Foundation//DTD Cactus Navigation V1.0//EN"
  "file:../../dtds/navigation-v10.dtd">

<navigation title="Running Tests" index="howto_runner">

  <menu label="Main Page" id="index"/>

  <menu label="Running Tests">
    <item id="howto_runner" label="Overview"/>
  </menu>

  <menu label="Integrations">
    <item id="integration_manual" label="Manual"/>
    <item id="integration_ant" label="Ant"/>
    <item id="integration_eclipse" label="Eclipse"/>
    <item id="integration_jetty" label="Jetty"/>
    <item id="integration_browser" label="Browser"/>
    <item id="howto_tomcat" label="Tomcat"/>
    <item id="integration_maven" label="Maven"/>
    <item id="howto_ide" label="Various IDEs"/>
    <item id="howto_junitee" label="JUnitEE"/>
  </menu>

</navigation>
