<?xml version="1.0"?>
<!--
	Licensed to the Apache Software Foundation (ASF) under one
	or more contributor license agreements.  See the NOTICE file
	distributed with this work for additional information
	regarding copyright ownership.  The ASF licenses this file
	to you under the Apache License, Version 2.0 (the
	"License"); you may not use this file except in compliance
	with the License.  You may obtain a copy of the License at
	
	http://www.apache.org/licenses/LICENSE-2.0
	
	Unless required by applicable law or agreed to in writing,
	software distributed under the License is distributed on an
	"AS IS" BASIS, WITHOUT WARRANTIES OR CONDITIONS OF ANY
	KIND, either express or implied.  See the License for the
	specific language governing permissions and limitations
	under the License.   
-->
<project
  default="jar:jar"
  xmlns:j="jelly:core"
  xmlns:u="jelly:util"
  xmlns:maven="jelly:maven">

  <goal name="dist" prereqs="clean,jar:jar,site"/>
    
  <goal name="cactus-framework:init">

    <!-- Add the J2EE specific source directory to the list of source 
         directories, as Maven only supports defining a single source
         directory in project.xml -->

    <path id="maven.j2ee.compile.src.set">
      <pathelement location="${pom.build.sourceDirectory}/../j2ee-${cactus.j2ee.version}"/>
      <j:choose>
        <j:when test="${context.getVariable('cactus.j2ee.version') == '13'}">
          <pathelement location="${pom.build.sourceDirectory}/../share-13-14"/>
        </j:when>
        <j:when test="${context.getVariable('cactus.j2ee.version') == '14'}">
          <pathelement location="${pom.build.sourceDirectory}/../share-13-14"/>
        </j:when>
      </j:choose>
    </path>
    <maven:addPath id="maven.compile.src.set" 
        refid="maven.j2ee.compile.src.set"/>

    <path id="maven.j2ee.test.compile.src.set">
      <pathelement location="${pom.build.unitTestSourceDirectory}/../j2ee-${cactus.j2ee.version}"/>
      <j:choose>
        <j:when test="${context.getVariable('cactus.j2ee.version') == '13'}">
          <pathelement location="${pom.build.unitTestSourceDirectory}/../share-13-14"/>
        </j:when>
        <j:when test="${context.getVariable('cactus.j2ee.version') == '14'}">
          <pathelement location="${pom.build.unitTestSourceDirectory}/../share-13-14"/>
        </j:when>
      </j:choose>
    </path>
    <maven:addPath id="maven.test.compile.src.set" 
        refid="maven.j2ee.test.compile.src.set"/>

  </goal>
  
  <preGoal name="java:compile">
    <attainGoal name="cactus-framework:init"/>
  </preGoal>

  <preGoal name="aspectj:compile">
    <attainGoal name="cactus-framework:init"/>
  </preGoal>
  
</project>
