<?xml version="1.0" encoding="UTF-8"?>
<!DOCTYPE aspectwerkz PUBLIC "-//AspectWerkz//DTD//EN" "http://aspectwerkz.codehaus.org/dtd/aspectwerkz.dtd">
<aspectwerkz>  <system id="cactus">    <package name="org.apache.cactus.sample.servlet">      <use-aspect class="TestSampleServletAspectWerkz$GetRequestParametersTestAdvice"/>    </package>    <package name="org.apache.cactus.framework.aspect">      <use-aspect class="ClientInterceptionAspect"/>    </package>  </system></aspectwerkz>
