<?xml version="1.0"?>
<!--
	Licensed to the Apache Software Foundation (ASF) under one
	or more contributor license agreements.  See the NOTICE file
	distributed with this work for additional information
	regarding copyright ownership.  The ASF licenses this file
	to you under the Apache License, Version 2.0 (the
	"License"); you may not use this file except in compliance
	with the License.  You may obtain a copy of the License at
	
	http://www.apache.org/licenses/LICENSE-2.0
	
	Unless required by applicable law or agreed to in writing,
	software distributed under the License is distributed on an
	"AS IS" BASIS, WITHOUT WARRANTIES OR CONDITIONS OF ANY
	KIND, either express or implied.  See the License for the
	specific language governing permissions and limitations
	under the License.   
-->
<assembly>
	<formats>
		<format>jar</format>
	</formats>
	<includeBaseDirectory>false</includeBaseDirectory>
	<dependencySets>
		<dependencySet>
			<outputDirectory>/</outputDirectory>
			<outputFileNameMapping/>
			<includes>
				<include>org.apache.cactus:cactus.core.framework.javaEE.12-13-14:jar</include>
				<include>org.apache.cactus:cactus.core.framework.javaEE.13-14</include>
				<include>org.apache.cactus:cactus.core.framework.wrapper.javaEE.14</include>
			</includes>
			<unpackOptions>
				<excludes>
					<exclude>META-INF/**</exclude>
					<exclude>builddef.lst</exclude>
				</excludes>
			</unpackOptions>
			<unpack>true</unpack>
			<scope>test</scope>
		</dependencySet>
	</dependencySets>
	<fileSets>
		<fileSet>
			<directory>src/conf</directory>
			<outputDirectory>META-INF</outputDirectory>
			<includes>
				<include>NOTICE</include>
				<include>LICENSE</include>
			</includes>
		</fileSet>
	</fileSets>
</assembly>
