<?xml version="1.0"?>

<!--
 * ========================================================================
 * 
 * Licensed to the Apache Software Foundation (ASF) under one or more
 * contributor license agreements.  See the NOTICE file distributed with
 * this work for additional information regarding copyright ownership.
 * The ASF licenses this file to You under the Apache License, Version 2.0
 * (the "License"); you may not use this file except in compliance with
 * the License.  You may obtain a copy of the License at
 * 
 *   http://www.apache.org/licenses/LICENSE-2.0
 * 
 * Unless required by applicable law or agreed to in writing, software
 * distributed under the License is distributed on an "AS IS" BASIS,
 * WITHOUT WARRANTIES OR CONDITIONS OF ANY KIND, either express or implied.
 * See the License for the specific language governing permissions and
 * limitations under the License.
 * 
 * ========================================================================
-->

<document id="resources">

  <properties>
    <title>Resources</title>
  </properties>

  <body>

	<section name="Resources">

      <p>
        This section presents resources related to Cactus:
      </p>
      <ul>
        <li>
          <a href="resources_cactus.html">Cactus links</a>,
        </li>
        <li>
          <a href="resources_books.html">Cactus books</a>,
        </li>
        <li>
          <a href="resources_testing.html">Testing links</a>
        </li>
      </ul>

    </section>

  </body>
</document>
