<?xml version="1.0"?>

<!--
 * ========================================================================
 * 
 * Licensed to the Apache Software Foundation (ASF) under one or more
 * contributor license agreements.  See the NOTICE file distributed with
 * this work for additional information regarding copyright ownership.
 * The ASF licenses this file to You under the Apache License, Version 2.0
 * (the "License"); you may not use this file except in compliance with
 * the License.  You may obtain a copy of the License at
 * 
 *   http://www.apache.org/licenses/LICENSE-2.0
 * 
 * Unless required by applicable law or agreed to in writing, software
 * distributed under the License is distributed on an "AS IS" BASIS,
 * WITHOUT WARRANTIES OR CONDITIONS OF ANY KIND, either express or implied.
 * See the License for the specific language governing permissions and
 * limitations under the License.
 * 
 * ========================================================================
-->

<document id="resources_cactus">

  <properties>
    <title>Cactus books</title>
  </properties>

  <body>

  <section name="Books covering Cactus">

      <note>
        Recent entries comes first in the table.
      </note>
      
      <table>
        <tr>
          <th>Cover</th>
          <th>Title</th>
        </tr>

        <tr>
          <td>
            <p>
            <img src="http://images.amazon.com/images/P/1930110995.01._PE30_PI_SCMZZZZZZZ_.jpg"/>
            </p>
          </td>
          <td>
            <a href="http://www.amazon.com/exec/obidos/ASIN/1930110995/qid%3D1058045160/sr%3D11-1/ref%3Dsr%5F11%5F1/104-1481474-9343103">
            JUnit in Action
            </a>
          </td>
        </tr>

        <tr>
          <td>
            <p>
            <img src="http://images.amazon.com/images/P/0471449156.01._PE30_PI_SCMZZZZZZZ_.jpg"/>
            </p>
          </td>
          <td>
            <a href="http://www.amazon.com/exec/obidos/ASIN/0471449156/qid%3D1058045001/sr%3D11-1/ref%3Dsr%5F11%5F1/104-1481474-9343103">
            Jakarta Pitfalls : Time-Saving Solutions for Struts, Ant, JUnit, 
            and Cactus (Java Open Source Library           
            </a>
          </td>
        </tr>

        <tr>
          <td>
            <p>
            <img src="http://g-images.amazon.com/images/G/01/books/icons/books-no-image.gif"/>
            </p>
          </td>
          <td>
            <a href="http://www.amazon.com/exec/obidos/ASIN/076454389X/qid%3D1058044892/sr%3D11-1/ref%3Dsr%5F11%5F1/104-1481474-9343103">
            Professional Java Tools : Real World Ant, JUnit, CVS, Cactus, 
            Bugzilla, Maven, JMeter and XDoclet
            </a>
          </td>
        </tr>

        <tr>
          <td>
            <p>
            <img src="http://images.amazon.com/images/P/047120708X.01._PE30_PIdp-schmoo2,TopRight,7,-26_SCMZZZZZZZ_.jpg"/>
            </p>
          </td>
          <td>
            <a href="http://www.amazon.com/exec/obidos/tg/detail/-/047120708X/qid=1058043679/sr=8-1/ref=sr_8_1/104-1481474-9343103?v=glance&amp;s=books&amp;n=507846">
            Java Tools for Extreme Programming: Mastering Open Source Tools 
            Including Ant, JUnit, and Cactus 
            </a>
          </td>
        </tr>

      </table>

    </section>

  </body>
</document>
