<?xml version="1.0" encoding="UTF-8"?>

<project>
  <extend>${basedir}/../../default-project.xml</extend>
  <id>cactus2-samples-servlet</id>
  <name>Cactus2 Servlet Sample</name>
  <package>org.apache.cactus.samples.servlet</package>
  <description>Sample Servlet for Cactus2</description>
  <shortDescription>Sample Servlet for Cactus2</shortDescription>
  <url>http://jakarta.apache.org/cactus/${pom.currentVersion}/samples/servlet/</url>
  <siteDirectory>/www/jakarta.apache.org/cactus/${pom.currentVersion}/samples/servlet/</siteDirectory>
  <repository>
    <connection>scm:cvs:pserver:anoncvs@cvs.apache.org:/home/cvspublic:jakarta-cactus2/samples/servlet/</connection>
    <url>http://cvs.apache.org/viewcvs/jakarta-cactus2/samples/servlet</url>
  </repository>
  <dependencies>
    <dependency>
      <groupId>cactus</groupId>
      <artifactId>cactus2-framework</artifactId>
      <version>${pom.currentVersion}</version>
      <properties>
        <aspectwerkz.library>true</aspectwerkz.library>
      </properties>
    </dependency>
    <dependency>
      <groupId>cactus</groupId>
      <artifactId>cactus2-maven</artifactId>
      <version>${pom.currentVersion}</version>
      <type>plugin</type>
    </dependency>
    <dependency>
      <groupId>servletapi</groupId>
      <artifactId>servletapi</artifactId>
      <version>2.3</version>
    </dependency>
    <dependency>
      <groupId>jetty</groupId>
      <artifactId>org.mortbay.jetty</artifactId>
      <version>4.2.17</version>
    </dependency>
    <dependency>
      <groupId>httpunit</groupId>
      <artifactId>httpunit</artifactId>
      <version>1.5.4</version>
    </dependency>
  </dependencies>
</project>
