<?xml version="1.0" encoding="UTF-8"?>

<!DOCTYPE application
  PUBLIC '-//Sun Microsystems, Inc.//DTD J2EE Application 1.3//EN'
  'http://java.sun.com/j2ee/dtds/application_1_3.dtd'>

<!-- TODO: In the future you won't have to create a specific
     application.xml in which you have to declare a Cactus test
     war if you don't have a war in your EAR -->
     
<application>
  <display-name>cactus-sample-ejb</display-name>
  <description>Cactus EJB Sample for J2EE 1.3</description>
  <module>
    <ejb>@project.name.file@.jar</ejb>
  </module>
  <module>
    <web>
      <web-uri>@project.name.file@-cactified.war</web-uri>
      <context-root>/@project.name.file@</context-root>
    </web>
  </module>
</application>
