<?xml version="1.0" encoding="UTF-8"?>

<!DOCTYPE ejb-jar PUBLIC
'-//Sun Microsystems, Inc.//DTD Enterprise JavaBeans 1.1//EN'
'http://java.sun.com/j2ee/dtds/ejb-jar_1_1.dtd'>

<ejb-jar>
  <display-name>cactus-sample-ejb</display-name>
  <enterprise-beans>
    <session>
      <description>Converter Session Bean</description>
      <display-name>Converter</display-name>
      <ejb-name>Converter</ejb-name>
      <home>org.apache.cactus.sample.ejb.ConverterHome</home>
      <remote>org.apache.cactus.sample.ejb.Converter</remote>
      <ejb-class>org.apache.cactus.sample.ejb.ConverterEJB</ejb-class>
      <session-type>Stateless</session-type>
      <transaction-type>Container</transaction-type>
    </session>
  </enterprise-beans>
  <assembly-descriptor>
    <container-transaction>
      <method>
        <ejb-name>Converter</ejb-name>
        <method-intf>Remote</method-intf>
        <method-name>*</method-name>
      </method>
      <trans-attribute>NotSupported</trans-attribute>
    </container-transaction>
  </assembly-descriptor>
</ejb-jar>
