<?xml version="1.0" encoding="UTF-8"?>
<!-- 
/*
 * Licensed to the Apache Software Foundation (ASF) under one or more
 * contributor license agreements.  See the NOTICE file distributed with
 * this work for additional information regarding copyright ownership.
 * The ASF licenses this file to You under the Apache License, Version 2.0
 * (the "License"); you may not use this file except in compliance with
 * the License.  You may obtain a copy of the License at
 * 
 *      http://www.apache.org/licenses/LICENSE-2.0
 * 
 * Unless required by applicable law or agreed to in writing, software
 * distributed under the License is distributed on an "AS IS" BASIS,
 * WITHOUT WARRANTIES OR CONDITIONS OF ANY KIND, either express or implied.
 * See the License for the specific language governing permissions and
 * limitations under the License.
 */
 -->


<project 
  xmlns:j="jelly:core" 
  xmlns:ant="jelly:ant"
>

   <postGoal name="plugin:install">
      <attainGoal name="install-cactus-dist"/>
   </postGoal>

   <goal name="install-cactus-dist">
     <j:if test="${context.getVariable('maven.jar.override')=='on'}">
       <j:set var="jarsDir" value="${maven.repo.local}/${pom.groupId}/jars"/>
       <ant:echo>Copying Cactus jars to ${jarsDir}</ant:echo>
       <ant:mkdir dir="${jarsDir}"/>
       <ant:copy todir="${jarsDir}" file="${maven.jar.cactus}"/>
       <ant:copy todir="${jarsDir}" file="${maven.jar.cactus.ant}"/>
       <ant:copy todir="${jarsDir}" file="${maven.jar.cactus.share}"/>
     </j:if>
   </goal>

</project>
