<?xml version="1.0" encoding="ISO-8859-1"?>
<!DOCTYPE web-app
    PUBLIC "-//Sun Microsystems, Inc.//DTD Web Application 2.3//EN"
    "http://java.sun.com/dtd/web-app_2_3.dtd">

<web-app>

    <context-param>
      <param-name>param</param-name>
      <param-value>value used for testing</param-value>
    </context-param>
    
    <servlet>
        <servlet-name>ServletRedirector</servlet-name>
        <servlet-class>org.apache.cactus.server.ServletTestRedirector</servlet-class>
        <init-param>
          <param-name>param1</param-name>
          <param-value>value1 used for testing</param-value>
        </init-param>
    </servlet>
    
    <servlet>
        <servlet-name>ServletRedirector_TestOverride</servlet-name>
        <servlet-class>org.apache.cactus.server.ServletTestRedirector</servlet-class>
        <init-param>
          <param-name>param2</param-name>
          <param-value>value2 used for testing</param-value>
        </init-param>
    </servlet>

    <servlet>
        <servlet-name>TestJsp</servlet-name>
        <jsp-file>/test/test.jsp</jsp-file>
    </servlet>

    <servlet>
        <servlet-name>JspRedirector</servlet-name>
        <jsp-file>/jspRedirector.jsp</jsp-file>
        <init-param>
          <param-name>param1</param-name>
          <param-value>value1 used for testing</param-value>
        </init-param>
    </servlet>

    <servlet-mapping>
        <servlet-name>ServletRedirector_TestOverride</servlet-name>
        <url-pattern>/ServletRedirectorOverride</url-pattern>
    </servlet-mapping>

</web-app>
