<?xml version="1.0"?>
<project>
  <pomVersion>3</pomVersion>
  <name>Jakarta Cactus2</name>
  <groupId>cactus</groupId>
  <id>jakarta-cactus2</id>
  <currentVersion>2.0-SNAPSHOT</currentVersion>
  <organization>
    <name>Apache Software Foundation</name>
    <url>http://jakarta.apache.org/</url>
    <logo>http://jakarta.apache.org/cactus/images/jakarta-logo.gif</logo>
  </organization>
  <inceptionYear>2003</inceptionYear>
  <package>org.apache.cactus</package>
  <logo>http://jakarta.apache.org/cactus/images/logocactus.gif</logo>
  <shortDescription>Cactus is a simple test framework for unit testing server-side java code.</shortDescription>
  <description>
     Cactus is a simple test framework for unit testing server-side java code 
     (Servlets, EJBs, Tag Libs, Filters, ...). The intent of Cactus is to 
     lower the cost of writing tests for server-side code. It uses JUnit and 
     extends it.
  </description>
  <url>http://jakarta.apache.org/cactus/${pom.currentVersion}/</url>
  <issueTrackingUrl>http://nagoya.apache.org/bugzilla/</issueTrackingUrl>
  <siteAddress>cvs.apache.org</siteAddress>
  <siteDirectory>/www/jakarta.apache.org/cactus/${pom.currentVersion}</siteDirectory>
  <distributionDirectory>/www/www.apache.org/dist/jakarta/cactus/</distributionDirectory>
  <repository>
    <connection>scm:cvs:pserver:anoncvs@cvs.apache.org:/home/cvspublic:jakarta-cactus2</connection>
    <url>http://cvs.apache.org/viewcvs/jakarta-cactus2/</url>
  </repository>
  <versions>
    <version>
      <id>2.0</id>
      <name>2.0</name>
      <tag>HEAD</tag>
    </version>
  </versions>
  <mailingLists>
    <mailingList>
      <name>Cactus User List</name>
      <subscribe>cactus-user-subscribe@jakarta.apache.org</subscribe>
      <unsubscribe>cactus-user-unsubscribe@jakarta.apache.org</unsubscribe>
      <archive>http://www.mail-archive.com/cactus-user@jakarta.apache.org/</archive>
    </mailingList>
    <mailingList>
      <name>Cactus Developer List</name>
      <subscribe>cactus-dev-subscribe@jakarta.apache.org</subscribe>
      <unsubscribe>cactus-dev-unsubscribe@jakarta.apache.org</unsubscribe>
      <archive>http://www.mail-archive.com/cactus-dev@jakarta.apache.org/</archive>
    </mailingList>
  </mailingLists>
  <developers>
    <developer>
      <name>Vincent Massol</name>
      <id>vmassol</id>
      <email>vmassol@pivolis.com</email>
      <organization>Pivolis</organization>
    </developer>
    <developer>
      <name>Jari Worsley</name>
      <id>jariw</id>
      <email>jariw@hyperlink-interactive.co.uk</email>
      <organization></organization>
    </developer>
    <developer>
      <name>Nicholas Lesiecki</name>
      <id>ndlesiecki</id>
      <email>ndlesiecki@yahoo.com</email>
      <organization></organization>
    </developer>
    <developer>
      <name>Julien Ruaux</name>
      <id>jruaux</id>
      <email>jruaux@octo.com</email>
      <organization>Octo Technology</organization>
    </developer>
    <developer>
      <name>Christopher Lenz</name>
      <id>cmlenz</id>
      <email>cmlenz@gmx.de</email>
      <organization></organization>
    </developer>
  </developers>
  <contributors>
    <contributor>
      <name>Eric Pugh</name>
      <email>EPugh@upstate.com</email>
    </contributor>
    <contributor>
      <name>Michael Gaffney</name>
      <email>michael.gaffney@panacya.com</email>
    </contributor>
  </contributors>
  <dependencies>
    <dependency>
      <groupId>aspectwerkz</groupId>
      <artifactId>aspectwerkz-core</artifactId>
      <version>0.9</version>
    </dependency>
    <dependency>
      <groupId>aspectwerkz</groupId>
      <artifactId>aspectwerkz</artifactId>
      <version>0.9</version>
    </dependency>
    <dependency>
      <groupId>junit</groupId>
      <artifactId>junit</artifactId>
      <version>3.8.1</version>
    </dependency>
  </dependencies>
  <build>
    <sourceDirectory>src/main</sourceDirectory>
    <unitTestSourceDirectory>src/test</unitTestSourceDirectory>
    <unitTest>
      <includes>
        <include>**/Test*.java</include>
      </includes>
      <excludes>
        <exclude>**/Test*All.java</exclude>
      </excludes>
    </unitTest>            
  </build>
  <reports>
    <report>maven-changes-plugin</report>
    <report>maven-changelog-plugin</report>
    <report>maven-file-activity-plugin</report>
    <report>maven-developer-activity-plugin</report>
    <report>maven-file-activity-plugin</report>
    <report>maven-license-plugin</report>
    <report>maven-linkcheck-plugin</report>
  </reports>
</project>
