<?xml version="1.0"?>

<!--
 * ========================================================================
 * 
 * Licensed to the Apache Software Foundation (ASF) under one or more
 * contributor license agreements.  See the NOTICE file distributed with
 * this work for additional information regarding copyright ownership.
 * The ASF licenses this file to You under the Apache License, Version 2.0
 * (the "License"); you may not use this file except in compliance with
 * the License.  You may obtain a copy of the License at
 * 
 *   http://www.apache.org/licenses/LICENSE-2.0
 * 
 * Unless required by applicable law or agreed to in writing, software
 * distributed under the License is distributed on an "AS IS" BASIS,
 * WITHOUT WARRANTIES OR CONDITIONS OF ANY KIND, either express or implied.
 * See the License for the specific language governing permissions and
 * limitations under the License.
 * 
 * ========================================================================
-->

<!DOCTYPE navigation
  PUBLIC "-//Apache Software Foundation//DTD Cactus Navigation V1.0//EN"
  "file:../../../dtds/navigation-v10.dtd">

<navigation title="Ant" index="integration_ant">

  <menu label="Main Page" id="index"/>

  <menu label="Ant Integration">
    <item id="integration_ant" label="Overview"/>
    <item id="howto_ant_cactus" label="Sample Walkthrough"/>
  </menu>

  <menu label="Ant Tasks">
    <item id="task_cactifywar" label="CactifyWar"/>
    <item id="task_cactifyear" label="CactifyEar"/>
    <item id="task_cactus" label="Cactus"/>
    <item id="task_runservertests" label="RunServerTests"/>
    <item id="task_webxmlmerge" label="WebXmlMerge"/>
    <item id="task_resin" label="Resin[2x|3x]"/>
  </menu>

  <menu label="Development">
    <item id="javadoc_integration_ant" label="API Documentation"/>
  </menu>

</navigation>
