<?xml version="1.0"?>
<!--
   Licensed to the Apache Software Foundation (ASF) under one or more
   contributor license agreements.  See the NOTICE file distributed with
   this work for additional information regarding copyright ownership.
   The ASF licenses this file to You under the Apache License, Version 2.0
   (the "License"); you may not use this file except in compliance with
   the License.  You may obtain a copy of the License at
 
       http://www.apache.org/licenses/LICENSE-2.0
 
   Unless required by applicable law or agreed to in writing, software
   distributed under the License is distributed on an "AS IS" BASIS,
   WITHOUT WARRANTIES OR CONDITIONS OF ANY KIND, either express or implied.
   See the License for the specific language governing permissions and
   limitations under the License.
-->
<document>

  <properties>
    <title>Cactus plugin features</title>
    <author email="vmassol@apache.org">Vincent Massol</author>
  </properties>

  <body>
    <section name="Cactus plugin features">
      <p>
        The following features are provided:
      </p>
      <ul>
        <li>
          Uses the
          <a href="http://jakarta.apache.org/cactus/integration/ant/">Cactus 
          Ant integration</a>.
        </li>
        <li>
          Create cactified WAR of your web application.
        </li>
        <li>
          Supports generating cactified EAR for deploying Cactus EJB tests.
        </li>
        <li>
          Start/stop containers automatically.
        </li>
        <li>
          Deploy your web application automatically in the target containers.
        </li>
        <li>
          Supports adding custom testing jars to the Cactus classpaths.
        </li>
        <li>
          Supports Servlet API 2.3 only.
        </li>
        <li>
          Requires JDK 1.4 or superior.
        </li>
        <li>
          Automatically discover test classes from non-test classes.
        </li>
      </ul>
    </section>
 </body>
</document>
