<?xml version="1.0" encoding="UTF-8"?>
<!--
   Licensed to the Apache Software Foundation (ASF) under one or more
   contributor license agreements.  See the NOTICE file distributed with
   this work for additional information regarding copyright ownership.
   The ASF licenses this file to You under the Apache License, Version 2.0
   (the "License"); you may not use this file except in compliance with
   the License.  You may obtain a copy of the License at
 
       http://www.apache.org/licenses/LICENSE-2.0
 
   Unless required by applicable law or agreed to in writing, software
   distributed under the License is distributed on an "AS IS" BASIS,
   WITHOUT WARRANTIES OR CONDITIONS OF ANY KIND, either express or implied.
   See the License for the specific language governing permissions and
   limitations under the License.
-->

<document>
  <properties>
    <title>Maven Cactus plugin goals</title>
    <author email="vmassol@apache.org">Vincent Massol</author>
  </properties>
  <body>
    <section name="Goals">
      <table>
        <tr>
          <th>Goal</th>
          <th>td</th>
        </tr>
        <tr>
        <td>cactus:compile</td>
        <td>
          Compiles the Cactus tests.
        </td>
      </tr>
      <tr>
        <td>cactus:cactifywar</td>
        <td>
          Creates a Cactus-ready WAR from the application WAR. To be used
          in WAR projects.
        </td>
      </tr>
      <tr>
        <td>cactus:cactifyear</td>
        <td>
          Creates a Cactus-ready EAR to unit test EJBs. To be used in EJB
          projects.
        </td>
      </tr>
      <tr>
        <td>cactus:test</td>
        <td>
          Run the Cactus tests (packaged in a WAR) on the containers for which
          you have defined a <code>cactus.home.[container td]</code> 
          property.
        </td>
      </tr>
      <tr>
        <td>cactus:single</td>
        <td>
          Run a single Cactus test (packaged in a WAR) on the containers for 
          which you have defined a <code>cactus.home.[container td]</code> 
          property.  Pass the td of the testcase in using 
          <code>-Dtestcase=my.single.TestCase</code>.
        </td>
      </tr>  
      <tr>
        <td>cactus:match</td>
        <td>
          Run all Cactus tests (packaged in a WAR) that match a property 
          <code>-Dtestmatch=MyTestCase</code> on the containers for which you
          have defined a <code>cactus.home.[container td]</code> property.
        </td>
      </tr>           
      <tr>
        <td>cactus:test-ear</td>
        <td>
          Run the Cactus tests (packaged in an EAR) on the containers for which
          you have defined a <code>cactus.home.[container td]</code> 
          property.
        </td>
      </tr>
      <tr>
        <td>cactus:report</td>
        <td>
          Generate an HTML report for the Cactus tests that been run. In order
          to get this report as part of the generated web site, add the 
          following to your <code>project.xml</code>:
<source><![CDATA[
  <reports>
    [...]
    <report>maven-cactus-plugin</report>
    [...]
  </reports>
]]></source>
        </td>
      </tr>
      <tr>
        <td>cactus:jar</td>
        <td>
          Generate a jar containing the Cactus test classes.
        </td>
      </tr>
      <tr>
        <td>cactus:jar-install</td>
        <td>
          Installs the Cactus jar in your local Maven repository. This is
          useful if you wish to put Cactus test classes in one Maven 
          project and execute the Cactus tests in another Maven project.
        </td>
      </tr>
    </table>
    </section>
  </body>
</document>
